{
  "r2": -0.0597219225940977,
  "mae": 24438.481747649996,
  "rmse": 28333.652672316664,
  "n_train": 2000,
  "n_test": 500,
  "feature_columns": [
    "Brand",
    "Year",
    "Engine Size",
    "Fuel Type",
    "Transmission",
    "Mileage",
    "Condition",
    "Model",
    "Age",
    "Mileage_log"
  ],
  "generated_at": "2025-12-08T19:27:42.348149Z",
  "random_seed": 42,
  "sklearn_version": "1.1.3"
}